AUROC,AUPRC,F1,Threshold,Optimal_Threshold_F1,Optimal_Threshold_Youden
0.7608423837978511,0.5821149272045409,0.38064516129032255,0.5,0.33333333333333337,0.3351944566905158
