,precision,recall,f1-score,support
0,0.7003405221339387,0.9306184012066365,0.7992227979274611,663.0
1,0.6134453781512605,0.2166172106824926,0.3201754385964912,337.0
accuracy,0.69,0.69,0.69,0.69
macro avg,0.6568929501425996,0.5736178059445646,0.5596991182619762,1000.0
weighted avg,0.6710568586117761,0.69,0.6377838378329242,1000.0
