AUROC,AUPRC,F1,Threshold,Optimal_Threshold_F1,Optimal_Threshold_Youden
0.70502302724331,0.5340418179991504,0.3201754385964912,0.5,0.31313131313131315,0.3230675104637061
