AUROC,AUPRC,F1,Threshold,Optimal_Threshold_F1,Optimal_Threshold_Youden
0.8622148558468181,0.7556958331847634,0.625,0.5,0.36363636363636365,0.37
