,loss,accuracy,auc,precision,recall,f1
lstm_attention,0.5061025023460388,,0.8155869942913875,0.5892857142857143,0.6851211072664359,0.6336
transformer,0.5077703595161438,,0.8088271794197948,0.6012861736334405,0.6470588235294118,0.6233333333333333
cnn_lstm,0.5030522346496582,,0.8121267866789308,0.6141479099678456,0.6608996539792388,0.6366666666666667
