,loss,accuracy,auc,precision,recall,f1
lstm_attention,0.5051250457763672,,0.821991541714725,0.5573333333333333,0.7231833910034602,0.6295180722891566
transformer,0.5037732124328613,,0.8122435869358913,0.6418918918918919,0.657439446366782,0.6495726495726496
cnn_lstm,0.5049364566802979,,0.8053280383883511,0.5917721518987342,0.6470588235294118,0.6181818181818182
