AUROC,AUPRC,F1,Threshold,Optimal_Threshold_F1,Optimal_Threshold_Youden
0.8314141986885913,0.7459811283800908,0.6428571428571429,0.5,0.4545454545454546,0.45174956
