AUROC,AUPRC,F1,Threshold,Optimal_Threshold_F1,Optimal_Threshold_Youden
0.8575842165714369,0.7598477651415012,0.5892351274787535,0.5,0.33333333333333337,0.300811823039058
