feature,importance
feature_11,0.1957636337602019
feature_12,0.1116809038458133
feature_10,0.10628905801297417
feature_0,0.08325226276663399
feature_2,0.06789062759783522
feature_13,0.06556139857931538
feature_6,0.06264701030155884
feature_3,0.05798506373621617
feature_5,0.04578642317847488
feature_4,0.045395362388352796
feature_1,0.04428630386618352
feature_8,0.03568416728266028
feature_9,0.022810838274068615
feature_7,0.020704103951656512
feature_14,0.009044914229830583
feature_15,0.008615032191154608
feature_16,0.006167967669681876
feature_19,0.005667378254238937
feature_17,0.0023326594501925637
feature_18,0.0022051607682277556
feature_20,0.00022972989472830197
